{"cameraMode":{"drawMode":0,"name":"Shaded","section":"Shading Mode"},"sceneLighting":true,"audioPlay":false,"sceneViewState":{"showFog":true,"showMaterialUpdate":false,"showSkybox":true,"showFlares":true,"showImageEffects":true,"showParticleSystems":true,"showVisualEffectGraphs":true,"m_FxEnabled":true},"in2DMode":false,"pivot":{"x":1.0713636875152588,"y":-0.4071499705314636,"z":0.5370745658874512},"rotation":{"x":-0.07224902510643006,"y":-0.628677248954773,"z":0.058831650763750079,"w":-0.7720425724983215},"size":1.6449110507965088,"orthographic":false}